step,position_x,position_y,position_z,orientation_x,orientation_y,orientation_z,orientation_w,grippers
1,0.5453811199,0.0014929109,-0.2148530189,0.9998897638,0.013996839,-0.0008303769,0.0048845831,0
2,0.5523036068,0.0052138741,0.4039715089,-0.9999502163,-0.0078554446,0.0057542645,0.0021783818,0
3,0.5453811199,0.0014929109,-0.2148530189,0.9998897638,0.013996839,-0.0008303769,0.0048845831,1
