step,r_position_x,r_position_y,r_position_z,r_orientation_x,r_orientation_y,r_orientation_z,r_orientation_w,l_position_x,l_position_y,l_position_z,l_orientation_x,l_orientation_y,l_orientation_z,l_orientation_w,direction,gripper
1,0.5516283767,0.0059875684,0.4042255069,-0.9999437578,-0.006989911,0.0049814532,0.0062295747,0.7644123721,-0.0082257164,0.0503529894,-0.9999437578,-0.0071355345,-0.0071149141,0.0078940552,left,open
2,0.5530282099,0.0040263348,0.508527698,-0.9999440588,-0.007631843,0.0003297795,0.0073161169,0.7647418561,-0.0074699785,0.0509403387,-0.9999440588,-0.0029306731,-0.0040162301,0.0037545969,right,open
3,0.5538038824,0.0040388971,0.5098630503,-0.8812089601,-0.4725475133,-0.009991163,0.0083542205,0.7644501697,-0.0076163435,0.0499823526,-0.8812089601,-0.0034939567,-0.0115388692,0.0049561724,right,open
4,0.5530960198,0.0031857235,0.5079320916,-0.8826948729,-0.4696413732,-0.0086038147,0.0145848,0.7135917448,-0.0076716765,0.0481205475,-0.8826948729,-0.0113044038,-0.0102971765,0.0058998235,left,w_r_o_l_c
