step,r_position_x,r_position_y,r_position_z,r_orientation_x,r_orientation_y,r_orientation_z,r_orientation_w,l_position_x,l_position_y,l_position_z,l_orientation_x,l_orientation_y,l_orientation_z,l_orientation_w,direction,gripper
7,0.5527091986,0.0057411531,0.4037179903,-0.9999729355,-0.0067742387,0.0018682345,0.0021788974,0.6376464581,0.2689100425,0.0321283393,-0.9999729355,0.0066324996,0.0039937175,0.0146855832,left,open
8,0.5521331575,0.0055591747,0.4037279961,-0.9999641036,-0.0074433712,0.0005974985,0.0040038501,0.6434216728,0.2533202157,0.4815396705,-0.9999641036,0.0018583676,0.0063189311,0.0182600021,left,open
9,0.5522701727,0.0055707128,0.4044054123,-0.9999745233,-0.0027048448,0.0029060628,0.005932237,0.6414898178,0.2499864798,0.479215442,-0.9999745233,0.7838542158,-0.002270287,0.0060280488,left,open
10,0.5491926405,0.0093201144,0.0663718998,-0.9999454261,-0.0072935852,0.0037399801,0.0064777256,0.6444886767,0.2500894151,0.4791377298,-0.9999454261,0.6197085482,-0.0018435455,0.0115319164,right,open
11,0.5469463711,0.1774784544,0.0695557548,-0.9999418042,-0.0073271139,0.003300255,0.0071979153,0.644130624,0.2500511162,0.4794045298,-0.9999418042,0.6198212092,-0.001714875,0.0115180252,right,open
12,0.5476027283,0.1811269611,-0.1196667384,-0.999931468,-0.0042648236,-0.0001787838,0.0109013148,0.6414185575,0.2497469453,0.4791656611,-0.999931468,0.6182051578,-0.0007969924,0.0050878326,right,open
13,0.548548123,0.2241607488,-0.118603062,-0.9999164297,0.0017188745,-0.0019435231,0.0126649839,0.6414003218,0.2501371939,0.4787484429,-0.9999164297,0.6133503531,-0.005589022,0.0057252089,right,open
14,0.548438049,0.2242014213,-0.1186081791,-0.9998704189,0.0058696328,-0.0025697527,0.0147678439,0.6418216391,0.2492682852,0.4792105968,-0.9998704189,0.6214855329,7.76610784050574E-05,0.0030889326,left,r_c
