step,r_position_x,r_position_y,r_position_z,r_orientation_x,r_orientation_y,r_orientation_z,r_orientation_w,l_position_x,l_position_y,l_position_z,l_orientation_x,l_orientation_y,l_orientation_z,l_orientation_w,direction,gripper
1,0.5527096516,0.0064889687,0.4041564352,-0.9999104848,-0.0085871048,0.006778909,0.0077026175,0.6178253378,0.1684060479,0.0555171795,-0.9999104848,0.0041157757,-0.0023085417,0.0038784068,left,open
2,0.5525966996,0.0051730349,0.4030943912,-0.9999607275,-0.0039692467,0.0053964427,0.0058023306,0.6096454278,0.1703316188,0.2253934067,-0.9999607275,0.0010101629,-0.0051472369,0.006183294,left,open
3,0.5539452866,0.0033582791,0.5006146449,-0.999966202,-0.0029415759,0.0043515185,0.0063250459,0.6100551748,0.1695345478,0.2266382042,-0.999966202,0.0021102837,-0.0100084538,0.0058443313,right,open
4,0.5532735056,0.0043203349,0.4992738802,0.3801653461,-0.9248766118,-0.0081492937,0.003339402,0.6095300565,0.1715143212,0.2243174386,0.3801653461,0.0007409295,-0.0077797502,0.0073528453,right,open
5,0.5540142237,0.0041551765,0.4992477677,0.3843209596,-0.9231543723,-0.0086957154,0.0027909723,0.5701911647,0.1754951999,0.070244164,0.3843209596,0.0063534493,-0.0042628591,0.0069687743,left,open
6,0.5531522487,0.004949055,0.4989349918,0.382041295,-0.9240373784,-0.013942177,0.0022333894,0.5754269161,0.0671815445,0.0742253418,0.382041295,0.0118126689,-0.0110132968,0.0161841874,left,w_r_o_l_c
