step,r_position_x,r_position_y,r_position_z,r_orientation_x,r_orientation_y,r_orientation_z,r_orientation_w,l_position_x,l_position_y,l_position_z,l_orientation_x,l_orientation_y,l_orientation_z,l_orientation_w,direction,gripper
1,0.5521573105,0.0046483913,0.4033194356,0.7049371492,-0.7092610033,-0.0032100065,0.0014631167,0.2727834148,0.1495255093,-0.2206863184,0.5,-0.5,0.5,0.5,left,open
2,0.552272884,0.0059029599,0.4041944927,0.7043111955,-0.7098809121,0.0037492329,0.0008796232,0.4410065833,0.0909797952,-0.218501729,0.5,-0.5,0.5,0.5,left,open
3,0.552272884,0.0059029599,0.4041944927,0.7043111955,-0.7098809121,0.0037492329,0.0008796232,0.534176,0.0909797952,-0.218501729,0.5,-0.5,0.5,0.5,left,open
4,0.552272884,0.0059029599,0.4041944927,0.7043111955,-0.7098809121,0.0037492329,0.0008796232,0.534176,-0.005112,-0.218501729,0.5,-0.5,0.5,0.5,left,open
5,0.552272884,0.0059029599,0.4041944927,0.7043111955,-0.7098809121,0.0037492329,0.0008796232,0.534176,-0.005112,-0.118467,0.5,-0.5,0.5,0.5,left,w_r_o_l_c
