step,r_position_x,r_position_y,r_position_z,r_orientation_x,r_orientation_y,r_orientation_z,r_orientation_w,l_position_x,l_position_y,l_position_z,l_orientation_x,l_orientation_y,l_orientation_z,l_orientation_w,direction,gripper
1,0.5521320684,0.0061464153,0.4040785585,-0.999965278,-0.0042561967,0.0068014387,0.0022512136,0.7560342993,0.0103164397,0.0467192228,-0.999965278,-0.0031064821,-0.0018615995,0.0040371121,left,open
2,0.5521139777,0.0040181762,0.4034192844,-0.999968165,-0.0028045036,0.0062538571,0.0040857047,0.7585903323,0.0137753544,-0.1775025723,-0.999968165,-0.0032810564,-0.0053720068,0.0083744992,left,open
3,0.5523607579,0.0048473929,0.4035159963,-0.9999853804,-0.0044736494,0.0008354042,0.0029202002,0.6465796753,0.0145752953,-0.1782263318,-0.9999853804,-0.0033612481,-0.0008509188,0.0065023246,left,open
4,0.5537245695,0.004967979,0.5007712011,-0.9998697984,-0.0104386119,0.010848069,0.0058087016,0.6485588508,0.0146625405,-0.1778590037,-0.9998697984,-0.0008610322,0.0015365059,0.0033204364,right,open
5,0.5522062623,0.0047761093,0.5004878857,-0.1540209428,-0.9880242183,-0.0036211324,0.0085194238,0.6469118339,0.0093761821,0.0013226746,-0.1540209428,0.0008119479,-0.0011140654,0.0061421869,left,open
6,0.5535237031,0.0048336979,0.5008581467,0.4301162054,-0.9026257723,-0.0147388535,0.0070378392,0.6458466786,0.0092036724,0.001389123,0.4301162054,0.002594222,-0.0076613017,0.0420482876,right,w_r_o_l_c
