step,r_position_x,r_position_y,r_position_z,r_orientation_x,r_orientation_y,r_orientation_z,r_orientation_w,l_position_x,l_position_y,l_position_z,l_orientation_x,l_orientation_y,l_orientation_z,l_orientation_w,direction,gripper
1,0.5534773283,0.006311384,0.4772703089,0.9998770817,0.0124525671,-0.0092861574,0.0021265879,0.7502735836,0.5954423399,0.0486775363,0.9998770817,-0.0013601272,0.0043213326,0.0030232665,right,open
2,0.5532656948,0.0067274551,0.4774900417,0.999878028,0.0133891529,-0.0077691186,0.0020737424,0.7577039268,0.0397045921,0.0632060698,0.999878028,0.0011020612,0.0030896326,0.0048658267,left,open
3,0.5505149372,0.1063854207,0.4777568158,-0.9998904841,-0.0132488462,0.006159133,0.0023564626,0.7574957031,0.0401052988,0.0631337997,-0.9998904841,-0.0015955279,0.0045357604,0.007566207,right,open
4,0.5488684798,0.1052826792,0.475527471,0.9998670772,0.0154415376,-0.0051221251,0.0010726543,0.757096301,0.036143372,-0.0320226087,0.9998670772,0.0042764609,-0.0012677783,0.0056754008,left,open
5,0.5489870376,0.104894671,0.4753940675,0.9998714703,0.0150204366,-0.005495373,0.001109203,0.7578241786,-0.1064375566,-0.0301871857,0.9998714703,0.0039751221,-0.0019769415,0.0060574348,left,open
6,0.5495839066,0.10356677,0.4762230322,0.9999486458,0.0081751787,-0.0054098881,0.0025700952,0.7598177354,-0.1059518977,-0.1342170141,0.9999486458,0.0058078278,0.003530974,0.0075967083,left,open
7,0.5493841105,0.1042613731,0.4762005892,0.9999465908,0.0085771548,-0.0052728233,0.0023335033,0.7615647392,-0.1077342093,-0.2141181054,0.9999465908,0.0076156841,0.0041776838,0.0090191117,left,w_r_o_l_c
