step,r_position_x,r_position_y,r_position_z,r_orientation_x,r_orientation_y,r_orientation_z,r_orientation_w,l_position_x,l_position_y,l_position_z,l_orientation_x,l_orientation_y,l_orientation_z,l_orientation_w,direction,gripper
1,0.5528966387,0.0063693464,0.4948920911,-0.9999693014,-0.0072188588,0.002834661,0.0011175836,0.7556860025,0.5953456067,0.0565372633,-0.9999693014,0.0053927318,-0.0025405187,0.0041190775,right,open
2,0.5516303125,0.0071548533,0.4934218785,-0.999948523,-0.0047795673,0.0089456342,0.0002876067,0.7489557019,0.0431763501,0.050180534,-0.999948523,0.0064890759,-0.0004348598,0.0011639776,left,open
3,0.552320995,0.0064043748,0.4935446543,0.9999589439,0.0038150575,-0.0082137282,0.000300788,0.749249552,0.0442159108,-0.1311464045,0.9999589439,0.0061131183,-0.0003656206,0.0016329315,left,open
4,0.5517787168,0.006446232,0.4949268758,0.9999856979,0.0048632908,0.0004865475,0.0021715575,0.6589106225,0.0431479309,-0.1318755701,0.9999856979,0.0013255258,0.0048075545,0.0046211105,left,w_r_o_l_c
