step,r_position_x,r_position_y,r_position_z,r_orientation_x,r_orientation_y,r_orientation_z,r_orientation_w,l_position_x,l_position_y,l_position_z,l_orientation_x,l_orientation_y,l_orientation_z,l_orientation_w,direction,gripper
1,0.55352193,-0.4577132449,0.397052292,0,-0.5,-0.5,0,0.4503965217,0.1975270999,0.320916888,-0.0966847207,0.9951969855,0.0072218222,0.0135229509,right,open
2,0.5550862475,-0.4573176599,0.3972726757,0,-1,0,0,0.4504715808,0.1979134555,0.3203979189,-0.0243647049,0.9995311589,0.0183724664,0.0025052044,right,open
3,0.5488171807,0.0273362762,0.0075929913,0,-0.5,-0.5,0,0.4503853611,0.197529158,0.3207619819,-0.0241565316,0.9995499591,0.0176292666,0.0023558667,right,open
4,0.550637294,0.0261815027,0.0072077622,-0.5,-0.5,-0.5,0.5,0.4517022974,0.1986841998,0.3190052249,-0.9993284848,-0.0234652568,0.0240696461,0.0145812666,right,open
5,0.5516544092,0.0268996,-0.1098202256,-0.5,-0.5,-0.5,0.5,0.4515730293,0.1991258386,0.3187559619,-0.9993249978,-0.0230705581,0.023680791,0.0160161856,right,open
6,0.553420883,0.1443369632,-0.1075665923,-0.5,-0.5,-0.5,0.5,0.4897944394,0.2074406091,0.5085411632,-0.9990150767,-0.0371177537,0.0196931354,0.0142593571,right,open
7,0.4756314016,0.1476283391,0.2954016962,-0.5,-0.5,-0.5,0.5,0.4898386984,0.2063657398,0.507941884,-0.9997084859,-0.0110524106,0.0190896295,0.0098170015,right,w_r_c
