step,r_position_x,r_position_y,r_position_z,r_orientation_x,r_orientation_y,r_orientation_z,r_orientation_w,l_position_x,l_position_y,l_position_z,l_orientation_x,l_orientation_y,l_orientation_z,l_orientation_w,direction,gripper
1,0.5521965028,0.0051123463,0.4042166902,-0.9999690787,-0.0060218723,0.0015087457,0.0048272539,0.7460900512,0.2298058068,0.0519760942,0.999928337,-0.0107058461,-0.0027775977,0.004581555,left,open
2,0.5523244422,0.0048094441,0.4040085899,-0.9999693477,-0.0042902266,0.0028175082,0.0059126416,0.7529787176,0.2235758176,0.3977632021,-1,0,0,0,left,open
3,0.5507767259,0.007101681,0.4049320385,-0.9999697839,-0.0066441431,0.0034586227,0.0020795429,0.7501457165,0.2231197921,0.3959218484,0.5,0,0,0.5,left,open
4,0.5504537455,0.0073076619,0.4057318051,-0.9999685744,-0.0069317037,0.0030352967,0.0023640364,0.7507618567,0.2232263189,0.3969026594,0.5,-0.5,0.5,0.5,left,open
5,0.5529783612,0.0063418315,0.4046246577,-0.9999557097,-0.0047374147,0.0008809476,0.0080845146,0.7483881099,0.2220158872,0.2108091534,0.5,-0.5,0.5,0.5,left,open
6,0.5526622357,0.0051659111,0.4040048403,-0.9999601595,-0.0058608712,0.0027604929,0.0061407914,0.7521774385,0.0760181505,0.2046920798,0.5,-0.5,0.5,0.5,left,open
7,0.5520941012,0.0054604385,0.40344707,0.9999629428,0.0079726567,-0.0029838384,0.001283119,0.5428869215,0.072673831,0.2092161072,0.5,-0.5,0.5,0.5,left,open
8,0.5523192309,0.0062295985,0.4044708385,-0.9999261648,-0.0119597258,0.0015026052,0.001540165,0.5505403037,0.0952872271,-0.2201410892,0.5,-0.5,0.5,0.5,left,w_r_o_l_c
