step,r_position_x,r_position_y,r_position_z,r_orientation_x,r_orientation_y,r_orientation_z,r_orientation_w,l_position_x,l_position_y,l_position_z,l_orientation_x,l_orientation_y,l_orientation_z,l_orientation_w,direction,gripper
1,0.5533506328,0.0048773326,0.4038148895,-0.9999707409,-0.0035897464,0.0013048397,0.0066278519,0.7448599496,0.0351387397,0.0479408162,-0.9999707409,0.0103610641,-0.0015927523,0.0051680982,left,open
2,0.5526262412,0.0051005223,0.4978032297,-0.9999327289,-0.0051705424,0.0090969908,0.005004788,0.7440441234,0.0361495187,0.0462482283,-0.9999327289,0.0067260327,0.0041404135,0.0030984667,right,open
3,0.5532517249,0.0059608326,0.4991263063,-0.9999423981,-0.000531457,0.0036857589,0.0100664395,0.7443704636,0.0357952823,-0.0400783914,-0.9999423981,0.0151936537,0.0005387511,0.009327604,left,open
4,0.5539251151,0.0053938476,0.4991879978,-0.9999396084,3.56977719694561E-05,0.0037414039,0.0103334494,0.7433415333,0.0397935899,-0.1595900952,-0.9999396084,0.0152042657,0.0013058147,0.0109746527,left,open
5,0.5523343051,0.0051329657,0.4973378578,-0.9999043904,-0.0107200203,0.0078654734,0.0037981024,0.6728247095,0.0414921847,-0.159730854,-0.9999043904,0.012997617,-0.0023671483,0.0084942864,left,w_r_o_l_c
