step,r_position_x,r_position_y,r_position_z,r_orientation_x,r_orientation_y,r_orientation_z,r_orientation_w,l_position_x,l_position_y,l_position_z,l_orientation_x,l_orientation_y,l_orientation_z,l_orientation_w,direction,gripper
1,0.5516283767,0.0059875684,0.4042255069,-0.9999437578,-0.006989911,0.0049814532,0.0062295747,0.7644123721,-0.0082257164,0.0503529894,-0.9999437578,-0.0071355345,-0.0071149141,0.0078940552,left,open
2,0.5530282099,0.0040263348,0.508527698,-0.9999440588,-0.007631843,0.0003297795,0.0073161169,0.7647418561,-0.0074699785,0.0509403387,-0.9999440588,-0.0029306731,-0.0040162301,0.0037545969,right,open
3,0.5522619162,0.0043237699,0.5095332249,-0.9998954051,-0.0114919061,-0.0020222274,0.0085454989,0.6969376047,-0.0099421934,0.0504232035,-0.9998954051,-0.0041366757,-0.0087330693,0.002374121,left,open
4,0.5512338954,0.0043348582,0.5090078784,-0.9999034182,-0.0116474927,-0.0008639,0.0075328588,0.6997087646,-0.0074138713,-0.149429349,-0.9999034182,-0.0039168486,-0.0080717179,0.0032637859,left,w_r_o_l_c
