step,r_position_x,r_position_y,r_position_z,r_orientation_x,r_orientation_y,r_orientation_z,r_orientation_w,l_position_x,l_position_y,l_position_z,l_orientation_x,l_orientation_y,l_orientation_z,l_orientation_w,direction,gripper
1,0.5523881228,0.0057297489,0.4039123918,-0.999986923,-0.0035666308,0.002550664,0.0026319465,0.752191872,0.1881546316,0.0553706752,-0.999986923,0.0092555056,-0.0066936021,0.004677628,left,open
2,0.5525069632,0.0053902959,0.4039218279,-0.9999169561,-0.0120393266,0.0015074619,0.0043431542,0.7547518726,0.1891392432,-0.0696993825,-0.9999169561,0.0124285593,-0.009175736,0.0031383448,left,open
3,0.5522710606,0.005846331,0.4030615014,-0.9999184281,-0.0116904653,0.0023644677,0.0045693951,0.7521031181,0.0549215987,-0.0694835276,-0.9999184281,0.012485896,-0.0100239396,0.0023578824,left,open
4,0.5522936627,0.0051959434,0.4033680859,-0.9999215827,-0.0116882975,0.0022289783,0.0039043353,0.74916458,-0.0544315694,-0.0703144989,-0.9999215827,0.0129807135,-0.0100227535,0.0017962137,left,open
5,0.5522450334,0.0053794276,0.4030070422,-0.999925972,-0.0110084305,0.0028542216,0.0043264698,0.6256440702,-0.0515292272,-0.072027707,-0.999925972,0.0129019671,-0.0098607877,0.001280267,left,open
6,0.5511999391,0.0049632473,0.4037853634,-0.9999229226,-0.0089655622,0.0063741425,0.0057565516,0.6265589628,-0.0516965568,-0.1840849093,-0.9999229226,-0.0175862376,0.0062777311,0.0016731517,left,w_r_o_l_c
